Country name,Year,Happiness Rank,Happiness score,Upperwhisker,Lowerwhisker,"Economy (GDP per Capita)	",Social support,Healthy life expectancy,Freedom to make life choices,Generosity,Perceptions of corruption
Finland,2020,1,7.81,7.87,7.75,1.29,1.5,0.96,0.66,0.16,0.48
Denmark,2020,2,7.65,7.71,7.58,1.33,1.5,0.98,0.67,0.24,0.5
Switzerland,2020,3,7.56,7.63,7.49,1.39,1.47,1.04,0.63,0.27,0.41
Iceland,2020,4,7.5,7.62,7.39,1.33,1.55,1,0.66,0.36,0.14
Norway,2020,5,7.49,7.56,7.42,1.42,1.5,1.01,0.67,0.29,0.43
Netherlands,2020,6,7.45,7.5,7.39,1.34,1.46,0.98,0.61,0.34,0.37
Sweden,2020,7,7.35,7.42,7.28,1.32,1.43,0.99,0.65,0.27,0.44
New Zealand,2020,8,7.3,7.38,7.22,1.24,1.49,1.01,0.65,0.33,0.46
Austria,2020,9,7.29,7.36,7.23,1.32,1.44,1,0.6,0.26,0.28
Luxembourg,2020,10,7.24,7.3,7.18,1.54,1.39,0.99,0.61,0.2,0.37
Canada,2020,11,7.23,7.31,7.15,1.3,1.44,1.02,0.64,0.28,0.35
Australia,2020,12,7.22,7.3,7.14,1.31,1.48,1.02,0.62,0.32,0.34
United Kingdom,2020,13,7.16,7.24,7.09,1.27,1.46,0.98,0.53,0.37,0.32
Israel,2020,14,7.13,7.21,7.05,1.22,1.4,1.01,0.42,0.27,0.1
Costa Rica,2020,15,7.12,7.21,7.03,0.98,1.37,0.94,0.65,0.13,0.1
Ireland,2020,16,7.09,7.17,7.02,1.45,1.47,0.98,0.59,0.3,0.37
Germany,2020,17,7.08,7.15,7.01,1.31,1.37,0.97,0.56,0.25,0.31
United States,2020,18,6.94,7.03,6.85,1.37,1.4,0.83,0.53,0.3,0.15
Czech Republic,2020,19,6.91,6.99,6.83,1.21,1.41,0.89,0.51,0.05,0.05
Belgium,2020,20,6.86,6.93,6.8,1.3,1.4,0.96,0.5,0.15,0.21
United Arab Emirates,2020,21,6.79,6.87,6.71,1.43,1.25,0.79,0.65,0.28,0.22
Malta,2020,22,6.77,6.86,6.69,1.25,1.44,0.97,0.63,0.34,0.18
France,2020,23,6.66,6.74,6.59,1.27,1.46,1.03,0.51,0.11,0.23
Mexico,2020,24,6.47,6.56,6.37,1.02,1.23,0.83,0.55,0.08,0.08
Taiwan Province of China,2020,25,6.46,6.53,6.38,1.33,1.36,0.88,0.45,0.15,0.13
Uruguay,2020,26,6.44,6.53,6.35,1.07,1.43,0.86,0.59,0.13,0.19
Saudi Arabia,2020,27,6.41,6.52,6.3,1.33,1.31,0.76,0.55,0.09,0.16
Spain,2020,28,6.4,6.48,6.32,1.23,1.42,1.05,0.43,0.17,0.11
Guatemala,2020,29,6.4,6.51,6.28,0.75,1.17,0.71,0.61,0.17,0.1
Italy,2020,30,6.39,6.47,6.3,1.24,1.35,1.02,0.32,0.17,0.04
Singapore,2020,31,6.38,6.44,6.31,1.52,1.4,1.14,0.64,0.22,0.53
Brazil,2020,32,6.38,6.46,6.3,0.95,1.36,0.77,0.48,0.13,0.11
Slovenia,2020,33,6.36,6.45,6.28,1.21,1.46,0.93,0.65,0.15,0.08
El Salvador,2020,34,6.35,6.46,6.23,0.75,1.15,0.75,0.52,0.12,0.12
Kosovo,2020,35,6.33,6.43,6.22,0.84,1.18,0.67,0.56,0.33,0.01
Panama,2020,36,6.3,6.42,6.19,1.1,1.38,0.88,0.58,0.1,0.05
Slovakia,2020,37,6.28,6.36,6.2,1.19,1.42,0.85,0.42,0.12,0.01
Uzbekistan,2020,38,6.26,6.36,6.15,0.7,1.43,0.72,0.69,0.36,0.28
Chile,2020,39,6.23,6.32,6.14,1.1,1.32,0.89,0.42,0.16,0.06
Bahrain,2020,40,6.23,6.39,6.07,1.3,1.32,0.84,0.61,0.29,0.13
Lithuania,2020,41,6.22,6.3,6.13,1.19,1.43,0.8,0.42,0.05,0.08
Trinidad and Tobago,2020,42,6.19,6.42,5.97,1.17,1.41,0.66,0.55,0.2,0.02
Poland,2020,43,6.19,6.26,6.12,1.17,1.31,0.87,0.56,0.06,0.16
Colombia,2020,44,6.16,6.27,6.05,0.93,1.33,0.81,0.53,0.09,0.05
Cyprus,2020,45,6.16,6.26,6.06,1.21,1.15,1.03,0.46,0.23,0.05
Nicaragua,2020,46,6.14,6.26,6.01,0.62,1.27,0.8,0.56,0.21,0.17
Romania,2020,47,6.12,6.22,6.03,1.12,1.19,0.79,0.53,0.07,0
Kuwait,2020,48,6.1,6.21,6,1.42,1.24,0.78,0.57,0.13,0.11
Mauritius,2020,49,6.1,6.21,5.99,1.07,1.4,0.76,0.59,0.19,0.08
Kazakhstan,2020,50,6.06,6.14,5.97,1.12,1.45,0.7,0.5,0.15,0.11
Estonia,2020,51,6.02,6.09,5.95,1.19,1.45,0.84,0.58,0.13,0.2
Philippines,2020,52,6.01,6.1,5.91,0.78,1.25,0.6,0.62,0.13,0.13
Hungary,2020,53,6,6.08,5.92,1.16,1.42,0.81,0.39,0.07,0.03
Thailand,2020,54,6,6.08,5.92,1.01,1.35,0.79,0.61,0.38,0.03
Argentina,2020,55,5.97,6.08,5.87,1.03,1.37,0.85,0.52,0.07,0.06
Honduras,2020,56,5.95,6.08,5.82,0.6,1.19,0.79,0.57,0.26,0.09
Latvia,2020,57,5.95,6.02,5.88,1.14,1.41,0.78,0.33,0.08,0.09
Ecuador,2020,58,5.93,6.03,5.82,0.85,1.22,0.84,0.56,0.12,0.09
Portugal,2020,59,5.91,6.02,5.81,1.17,1.34,0.98,0.59,0.05,0.03
Jamaica,2020,60,5.89,6.13,5.65,0.78,1.41,0.79,0.55,0.12,0.03
South Korea,2020,61,5.87,5.96,5.79,1.25,1.13,1.02,0.26,0.17,0.09
Japan,2020,62,5.87,5.95,5.79,1.27,1.33,1.07,0.5,0.04,0.18
Peru,2020,63,5.8,5.92,5.68,0.92,1.21,0.82,0.51,0.09,0.03
Serbia,2020,64,5.78,5.88,5.68,0.99,1.33,0.83,0.4,0.15,0.06
Bolivia,2020,65,5.75,5.85,5.65,0.73,1.14,0.66,0.57,0.14,0.07
Pakistan,2020,66,5.69,5.79,5.6,0.62,0.87,0.47,0.41,0.23,0.12
Paraguay,2020,67,5.69,5.79,5.59,0.9,1.37,0.74,0.59,0.2,0.07
Dominican Republic,2020,68,5.69,5.83,5.55,0.98,1.33,0.74,0.56,0.11,0.12
Bosnia and Herzegovina,2020,69,5.67,5.77,5.58,0.92,1.2,0.81,0.31,0.26,0
Moldova,2020,70,5.61,5.69,5.52,0.71,1.24,0.71,0.39,0.17,0.01
Tajikistan,2020,71,5.56,5.62,5.49,0.47,1.22,0.68,0.52,0.18,0.22
Montenegro,2020,72,5.55,5.64,5.45,1.01,1.27,0.84,0.3,0.15,0.1
Russia,2020,73,5.55,5.62,5.47,1.13,1.38,0.68,0.4,0.1,0.05
Kyrgyzstan,2020,74,5.54,5.63,5.46,0.51,1.34,0.68,0.61,0.3,0.03
Belarus,2020,75,5.54,5.61,5.47,1.02,1.39,0.75,0.29,0.09,0.19
North Cyprus,2020,76,5.54,5.64,5.44,1.21,1.18,1.03,0.48,0.2,0.2
Greece,2020,77,5.51,5.61,5.42,1.13,1.17,0.98,0.17,0,0.05
Hong Kong S.A.R. of China,2020,78,5.51,5.6,5.42,1.38,1.24,1.14,0.46,0.29,0.33
Croatia,2020,79,5.5,5.58,5.43,1.11,1.31,0.9,0.38,0.11,0.01
Libya,2020,80,5.49,5.61,5.37,1.02,1.2,0.62,0.45,0.14,0.17
Mongolia,2020,81,5.46,5.54,5.38,0.9,1.46,0.62,0.36,0.26,0.05
Malaysia,2020,82,5.38,5.48,5.29,1.17,1.17,0.79,0.6,0.27,0.06
Vietnam,2020,83,5.35,5.42,5.29,0.72,1.25,0.82,0.65,0.14,0.09
Indonesia,2020,84,5.29,5.38,5.19,0.89,1.15,0.61,0.57,0.54,0.04
Ivory Coast,2020,85,5.23,5.38,5.09,0.54,0.8,0.15,0.4,0.17,0.09
Benin,2020,86,5.22,5.37,5.06,0.37,0.35,0.33,0.41,0.2,0.13
Maldives,2020,87,5.2,5.34,5.06,0.94,1.4,0.91,0.55,0.22,0.07
Congo (Brazzaville),2020,88,5.19,5.35,5.04,0.63,0.76,0.46,0.39,0.12,0.12
Azerbaijan,2020,89,5.16,5.23,5.1,0.99,1.18,0.73,0.47,0.04,0.25
Macedonia,2020,90,5.16,5.25,5.07,0.94,1.18,0.8,0.41,0.19,0.02
Ghana,2020,91,5.15,5.26,5.03,0.58,0.97,0.43,0.48,0.26,0.06
Nepal,2020,92,5.14,5.25,5.02,0.44,1.1,0.67,0.48,0.3,0.13
Turkey,2020,93,5.13,5.21,5.05,1.13,1.2,0.78,0.25,0.09,0.12
China,2020,94,5.12,5.17,5.07,0.99,1.13,0.87,0.6,0.08,0.12
Turkmenistan,2020,95,5.12,5.18,5.06,1.01,1.51,0.61,0.52,0.32,0.03
Bulgaria,2020,96,5.1,5.19,5.01,1.05,1.46,0.78,0.42,0.1,0
Morocco,2020,97,5.09,5.2,4.99,0.76,0.65,0.75,0.45,0.04,0.08
Cameroon,2020,98,5.08,5.22,4.95,0.5,0.9,0.27,0.44,0.2,0.05
Venezuela,2020,99,5.05,5.18,4.93,0.77,1.35,0.77,0.27,0.09,0.06
Algeria,2020,100,5.01,5.09,4.92,0.94,1.14,0.75,0.08,0.12,0.13
Senegal,2020,101,4.98,5.08,4.88,0.5,0.95,0.52,0.35,0.16,0.08
Guinea,2020,102,4.95,5.09,4.81,0.39,0.75,0.33,0.37,0.25,0.11
Niger,2020,103,4.91,5.06,4.76,0.11,0.7,0.3,0.44,0.21,0.14
Laos,2020,104,4.89,4.97,4.81,0.71,0.99,0.49,0.61,0.27,0.19
Albania,2020,105,4.88,4.99,4.77,0.91,0.83,0.85,0.46,0.17,0.03
Cambodia,2020,106,4.85,4.96,4.73,0.54,1.07,0.59,0.67,0.23,0.07
Bangladesh,2020,107,4.83,4.91,4.75,0.56,0.87,0.69,0.6,0.18,0.18
Gabon,2020,108,4.83,4.95,4.71,0.99,1.11,0.52,0.37,0.05,0.06
South Africa,2020,109,4.81,4.93,4.7,0.9,1.26,0.41,0.43,0.13,0.06
Iraq,2020,110,4.78,4.94,4.63,0.98,1.01,0.53,0.28,0.15,0.07
Lebanon,2020,111,4.77,4.86,4.69,0.89,1.19,0.79,0.19,0.16,0.02
Burkina Faso,2020,112,4.77,4.89,4.65,0.3,0.93,0.31,0.32,0.19,0.13
Gambia,2020,113,4.75,4.88,4.62,0.26,0.88,0.35,0.4,0.43,0.16
Mali,2020,114,4.73,4.86,4.6,0.35,0.97,0.23,0.38,0.17,0.06
Nigeria,2020,115,4.72,4.83,4.62,0.65,0.99,0.17,0.44,0.22,0.05
Armenia,2020,116,4.68,4.79,4.56,0.81,1.03,0.78,0.38,0.11,0.1
Georgia,2020,117,4.67,4.76,4.59,0.85,0.73,0.69,0.49,0.05,0.17
Iran,2020,118,4.67,4.78,4.56,1.03,0.89,0.75,0.3,0.28,0.14
Jordan,2020,119,4.63,4.75,4.52,0.79,1.14,0.78,0.42,0.09,0.15
Mozambique,2020,120,4.62,4.78,4.47,0.18,0.96,0.32,0.56,0.22,0.16
Kenya,2020,121,4.58,4.72,4.45,0.48,0.91,0.54,0.52,0.39,0.07
Namibia,2020,122,4.57,4.69,4.45,0.84,1.25,0.41,0.44,0.08,0.05
Ukraine,2020,123,4.56,4.66,4.46,0.78,1.32,0.7,0.32,0.18,0.01
Liberia,2020,124,4.56,4.72,4.4,0.17,0.92,0.39,0.41,0.23,0.05
Palestinian Territories,2020,125,4.55,4.66,4.44,0.59,1.19,0.61,0.3,0.09,0.07
Uganda,2020,126,4.43,4.57,4.3,0.31,1.05,0.38,0.4,0.26,0.06
Chad,2020,127,4.42,4.57,4.28,0.3,0.74,0.11,0.23,0.21,0.09
Tunisia,2020,128,4.39,4.49,4.29,0.87,0.87,0.78,0.24,0.06,0.04
Mauritania,2020,129,4.37,4.48,4.27,0.54,1.11,0.43,0.19,0.13,0.12
Sri Lanka,2020,130,4.33,4.43,4.22,0.9,1.19,0.79,0.53,0.25,0.05
Congo (Kinshasa),2020,131,4.31,4.52,4.1,0.06,0.83,0.28,0.36,0.25,0.08
Swaziland,2020,132,4.31,4.45,4.17,0.83,1.06,0.22,0.3,0.07,0.15
Myanmar,2020,133,4.31,4.39,4.22,0.68,1.1,0.5,0.6,0.57,0.19
Comoros,2020,134,4.29,4.45,4.12,0.42,0.72,0.44,0.18,0.26,0.1
Togo,2020,135,4.19,4.31,4.06,0.27,0.55,0.34,0.3,0.2,0.11
Ethiopia,2020,136,4.19,4.26,4.11,0.32,1,0.48,0.41,0.23,0.12
Madagascar,2020,137,4.17,4.28,4.05,0.24,0.82,0.5,0.19,0.19,0.08
Egypt,2020,138,4.15,4.22,4.08,0.88,0.98,0.6,0.37,0.07,0.1
Sierra Leone,2020,139,3.93,4.05,3.81,0.24,0.75,0.2,0.38,0.26,0.05
Burundi,2020,140,3.78,3.99,3.57,0,0.4,0.3,0.28,0.19,0.21
Zambia,2020,141,3.76,3.88,3.64,0.54,0.9,0.36,0.49,0.25,0.09
Haiti,2020,142,3.72,3.92,3.52,0.28,0.65,0.37,0.17,0.46,0.16
Lesotho,2020,143,3.65,3.81,3.49,0.45,1.09,0.1,0.41,0.1,0.05
India,2020,144,3.57,3.63,3.52,0.73,0.64,0.54,0.58,0.24,0.11
Malawi,2020,145,3.54,3.68,3.4,0.18,0.53,0.45,0.49,0.21,0.13
Yemen,2020,146,3.53,3.63,3.42,0.39,1.18,0.42,0.24,0.09,0.09
Botswana,2020,147,3.48,3.6,3.36,1,1.09,0.49,0.51,0.03,0.1
Tanzania,2020,148,3.48,3.6,3.35,0.46,0.87,0.44,0.51,0.27,0.2
Central African Republic,2020,149,3.48,3.7,3.25,0.04,0,0,0.29,0.25,0.03
Rwanda,2020,150,3.31,3.42,3.21,0.34,0.52,0.57,0.6,0.24,0.49
Zimbabwe,2020,151,3.3,3.41,3.18,0.43,1.05,0.38,0.38,0.15,0.08
South Sudan,2020,152,2.82,3.03,2.61,0.29,0.55,0.21,0.07,0.21,0.11
Afghanistan,2020,153,2.57,2.63,2.51,0.3,0.36,0.27,0,0.14,0
Finland,2021,1,7.842,7.904,7.78,1.446,1.106,0.741,0.691,0.124,0.481
Denmark,2021,2,7.62,7.687,7.552,1.502,1.108,0.763,0.686,0.208,0.485
Switzerland,2021,3,7.571,7.643,7.5,1.566,1.079,0.816,0.653,0.204,0.413
Iceland,2021,4,7.554,7.67,7.438,1.482,1.172,0.772,0.698,0.293,0.17
Netherlands,2021,5,7.464,7.518,7.41,1.501,1.079,0.753,0.647,0.302,0.384
Norway,2021,6,7.392,7.462,7.323,1.543,1.108,0.782,0.703,0.249,0.427
Sweden,2021,7,7.363,7.433,7.293,1.478,1.062,0.763,0.685,0.244,0.448
Luxembourg,2021,8,7.324,7.396,7.252,1.751,1.003,0.76,0.639,0.166,0.353
New Zealand,2021,9,7.277,7.355,7.198,1.4,1.094,0.785,0.665,0.276,0.445
Austria,2021,10,7.268,7.337,7.198,1.492,1.062,0.782,0.64,0.215,0.292
Australia,2021,11,7.183,7.265,7.102,1.453,1.076,0.801,0.647,0.291,0.317
Israel,2021,12,7.157,7.224,7.09,1.376,1.074,0.788,0.509,0.208,0.119
Germany,2021,13,7.155,7.232,7.077,1.48,0.993,0.757,0.6,0.195,0.306
Canada,2021,14,7.103,7.185,7.021,1.447,1.044,0.798,0.648,0.246,0.335
Ireland,2021,15,7.085,7.164,7.006,1.644,1.092,0.753,0.606,0.238,0.367
Costa Rica,2021,16,7.069,7.179,6.96,1.134,0.966,0.722,0.673,0.105,0.083
United Kingdom,2021,17,7.064,7.138,6.99,1.423,1.062,0.757,0.58,0.34,0.306
Czech Republic,2021,18,6.965,7.062,6.868,1.37,1.09,0.703,0.58,0.052,0.046
United States,2021,19,6.951,7.047,6.856,1.533,1.03,0.621,0.554,0.252,0.154
Belgium,2021,20,6.834,6.901,6.767,1.463,0.998,0.747,0.489,0.088,0.187
France,2021,21,6.69,6.762,6.618,1.421,1.081,0.804,0.536,0.092,0.235
Bahrain,2021,22,6.647,6.779,6.514,1.409,0.899,0.662,0.661,0.246,0.139
Malta,2021,23,6.602,6.688,6.516,1.411,1.055,0.747,0.664,0.275,0.183
Taiwan Province of China,2021,24,6.584,6.659,6.51,1.48,0.982,0.665,0.49,0.142,0.139
United Arab Emirates,2021,25,6.561,6.637,6.484,1.555,0.86,0.594,0.67,0.236,0.223
Saudi Arabia,2021,26,6.494,6.604,6.384,1.435,0.964,0.571,0.603,0.09,0.163
Spain,2021,27,6.491,6.574,6.408,1.375,1.057,0.826,0.462,0.135,0.124
Italy,2021,28,6.483,6.572,6.395,1.393,0.94,0.798,0.379,0.133,0.047
Slovenia,2021,29,6.461,6.546,6.376,1.36,1.093,0.722,0.69,0.122,0.085
Guatemala,2021,30,6.435,6.577,6.292,0.845,0.79,0.519,0.638,0.163,0.105
Uruguay,2021,31,6.431,6.521,6.341,1.164,1.042,0.649,0.625,0.128,0.223
Singapore,2021,32,6.377,6.46,6.293,1.695,1.019,0.897,0.664,0.176,0.547
Kosovo,2021,33,6.372,6.487,6.257,0.937,0.807,0.483,0.593,0.356,0.014
Slovakia,2021,34,6.331,6.411,6.251,1.304,1.066,0.653,0.468,0.107,0.018
Brazil,2021,35,6.33,6.415,6.245,1.028,0.944,0.571,0.514,0.142,0.117
Mexico,2021,36,6.317,6.42,6.213,1.126,0.83,0.634,0.585,0.092,0.089
Jamaica,2021,37,6.309,6.615,6.004,0.891,0.932,0.599,0.618,0.099,0.035
Lithuania,2021,38,6.255,6.344,6.167,1.35,1.065,0.612,0.476,0.056,0.073
Cyprus,2021,39,6.223,6.319,6.128,1.377,0.765,0.801,0.464,0.178,0.061
Estonia,2021,40,6.189,6.263,6.115,1.344,1.079,0.64,0.641,0.119,0.263
Panama,2021,41,6.18,6.323,6.036,1.298,0.976,0.667,0.596,0.079,0.053
Uzbekistan,2021,42,6.179,6.312,6.045,0.769,1.027,0.528,0.716,0.391,0.271
Chile,2021,43,6.172,6.262,6.081,1.2,0.946,0.678,0.438,0.159,0.07
Poland,2021,44,6.166,6.245,6.087,1.309,0.982,0.668,0.558,0.08,0.13
Kazakhstan,2021,45,6.152,6.243,6.06,1.23,1.103,0.527,0.573,0.143,0.132
Romania,2021,46,6.14,6.253,6.027,1.275,0.832,0.595,0.564,0.045,0.001
Kuwait,2021,47,6.106,6.235,5.977,1.461,0.857,0.58,0.591,0.12,0.13
Serbia,2021,48,6.078,6.181,5.974,1.101,0.924,0.634,0.482,0.189,0.066
El Salvador,2021,49,6.061,6.188,5.933,0.845,0.675,0.565,0.615,0.116,0.16
Mauritius,2021,50,6.049,6.165,5.933,1.178,0.996,0.574,0.59,0.153,0.096
Latvia,2021,51,6.032,6.103,5.961,1.285,1.047,0.587,0.405,0.082,0.089
Colombia,2021,52,6.012,6.132,5.892,1.021,0.866,0.615,0.554,0.1,0.063
Hungary,2021,53,5.992,6.085,5.899,1.301,1.083,0.615,0.454,0.067,0.04
Thailand,2021,54,5.985,6.077,5.893,1.107,0.957,0.596,0.611,0.375,0.028
Nicaragua,2021,55,5.972,6.134,5.81,0.693,0.904,0.604,0.553,0.201,0.176
Japan,2021,56,5.94,6.02,5.861,1.389,0.949,0.838,0.504,0.02,0.192
Argentina,2021,57,5.929,6.04,5.819,1.162,0.98,0.646,0.544,0.069,0.067
Portugal,2021,58,5.929,6.037,5.821,1.323,0.939,0.76,0.621,0.029,0.033
Honduras,2021,59,5.919,6.081,5.758,0.703,0.787,0.593,0.578,0.241,0.083
Croatia,2021,60,5.882,5.975,5.788,1.251,1.039,0.703,0.453,0.111,0
Philippines,2021,61,5.88,5.982,5.778,0.853,0.828,0.426,0.651,0.125,0.126
South Korea,2021,62,5.845,5.928,5.763,1.403,0.758,0.801,0.353,0.134,0.135
Peru,2021,63,5.84,5.988,5.692,0.986,0.833,0.623,0.536,0.087,0.031
Bosnia and Herzegovina,2021,64,5.813,5.911,5.715,1.032,0.919,0.618,0.395,0.261,0.005
Moldova,2021,65,5.766,5.856,5.677,0.985,0.888,0.542,0.536,0.137,0.013
Ecuador,2021,66,5.764,5.875,5.653,0.935,0.806,0.64,0.56,0.107,0.062
Kyrgyzstan,2021,67,5.744,5.834,5.653,0.665,0.971,0.501,0.673,0.266,0.02
Greece,2021,68,5.723,5.813,5.632,1.273,0.811,0.76,0.243,0,0.074
Bolivia,2021,69,5.716,5.819,5.613,0.842,0.782,0.486,0.6,0.138,0.064
Mongolia,2021,70,5.677,5.76,5.595,0.966,1.065,0.442,0.397,0.263,0.053
Paraguay,2021,71,5.653,5.832,5.473,0.983,0.97,0.549,0.602,0.206,0.037
Montenegro,2021,72,5.581,5.686,5.475,1.155,0.891,0.637,0.397,0.166,0.081
Dominican Republic,2021,73,5.545,5.685,5.405,1.106,0.879,0.555,0.581,0.101,0.144
North Cyprus,2021,74,5.536,5.636,5.435,1.377,0.806,0.801,0.503,0.196,0.2
Belarus,2021,75,5.534,5.625,5.442,1.124,1.007,0.56,0.326,0.07,0.199
Russia,2021,76,5.477,5.541,5.413,1.241,0.992,0.511,0.409,0.115,0.06
Hong Kong S.A.R. of China,2021,77,5.477,5.573,5.38,1.525,0.841,0.893,0.408,0.232,0.342
Tajikistan,2021,78,5.466,5.532,5.4,0.508,0.895,0.498,0.548,0.152,0.247
Vietnam,2021,79,5.411,5.488,5.334,0.817,0.873,0.616,0.679,0.124,0.091
Libya,2021,80,5.41,5.558,5.262,1.044,0.821,0.435,0.474,0.131,0.174
Malaysia,2021,81,5.384,5.48,5.289,1.259,0.797,0.587,0.624,0.27,0.064
Indonesia,2021,82,5.345,5.454,5.235,0.954,0.786,0.433,0.598,0.541,0.046
Congo (Brazzaville),2021,83,5.342,5.533,5.151,0.518,0.392,0.307,0.381,0.144,0.124
China,2021,84,5.339,5.397,5.281,1.061,0.785,0.665,0.636,0.093,0.117
Ivory Coast,2021,85,5.306,5.46,5.152,0.669,0.409,0.052,0.438,0.177,0.092
Armenia,2021,86,5.283,5.397,5.168,0.996,0.758,0.585,0.54,0.079,0.198
Nepal,2021,87,5.269,5.406,5.132,0.519,0.702,0.496,0.488,0.287,0.135
Bulgaria,2021,88,5.266,5.371,5.16,1.181,1.055,0.583,0.494,0.125,0.005
Maldives,2021,89,5.198,5.339,5.057,1.115,1.015,0.697,0.575,0.204,0.073
Azerbaijan,2021,90,5.171,5.25,5.091,1.025,0.841,0.541,0.526,0.043,0.276
Cameroon,2021,91,5.142,5.288,4.996,0.543,0.556,0.159,0.425,0.205,0.058
Senegal,2021,92,5.132,5.266,4.998,0.518,0.558,0.357,0.381,0.158,0.088
Albania,2021,93,5.117,5.234,5.001,1.008,0.529,0.646,0.491,0.168,0.024
North Macedonia,2021,94,5.101,5.202,5.001,1.068,0.772,0.535,0.45,0.212,0.022
Ghana,2021,95,5.088,5.219,4.958,0.68,0.595,0.287,0.517,0.268,0.058
Niger,2021,96,5.074,5.273,4.875,0.162,0.402,0.167,0.516,0.2,0.157
Turkmenistan,2021,97,5.066,5.136,4.996,1.046,1.172,0.439,0.602,0.366,0.033
Gambia,2021,98,5.051,5.225,4.877,0.367,0.511,0.21,0.384,0.465,0.123
Benin,2021,99,5.045,5.189,4.901,0.507,0.058,0.196,0.457,0.166,0.178
Laos,2021,100,5.03,5.119,4.941,0.808,0.598,0.33,0.643,0.268,0.179
Bangladesh,2021,101,5.025,5.115,4.934,0.635,0.52,0.514,0.603,0.161,0.164
Guinea,2021,102,4.984,5.16,4.808,0.42,0.399,0.206,0.384,0.25,0.111
South Africa,2021,103,4.956,5.074,4.839,0.967,0.895,0.265,0.447,0.144,0.051
Turkey,2021,104,4.948,5.038,4.857,1.26,0.809,0.59,0.236,0.097,0.104
Pakistan,2021,105,4.934,5.066,4.802,0.637,0.423,0.322,0.418,0.252,0.097
Morocco,2021,106,4.918,5.036,4.8,0.792,0.219,0.558,0.477,0.034,0.088
Venezuela,2021,107,4.892,5.017,4.767,0.852,0.897,0.574,0.284,0.078,0.072
Georgia,2021,108,4.891,4.998,4.785,1.03,0.47,0.498,0.488,0.032,0.181
Algeria,2021,109,4.887,4.991,4.783,0.946,0.765,0.552,0.119,0.144,0.12
Ukraine,2021,110,4.875,4.977,4.773,0.979,0.958,0.517,0.417,0.181,0.01
Iraq,2021,111,4.854,4.97,4.738,0.91,0.638,0.381,0.302,0.153,0.041
Gabon,2021,112,4.852,4.998,4.706,1.037,0.707,0.362,0.424,0.058,0.064
Burkina Faso,2021,113,4.834,4.993,4.675,0.364,0.472,0.179,0.381,0.182,0.122
Cambodia,2021,114,4.83,4.963,4.698,0.603,0.68,0.426,0.702,0.21,0.061
Mozambique,2021,115,4.794,4.997,4.592,0.183,0.634,0.196,0.608,0.228,0.163
Nigeria,2021,116,4.759,4.861,4.658,0.663,0.625,0.051,0.433,0.212,0.039
Mali,2021,117,4.723,4.884,4.563,0.387,0.59,0.11,0.384,0.164,0.072
Iran,2021,118,4.721,4.828,4.614,1.03,0.557,0.561,0.275,0.33,0.144
Uganda,2021,119,4.636,4.78,4.493,0.364,0.718,0.24,0.398,0.267,0.054
Liberia,2021,120,4.625,4.833,4.417,0.228,0.58,0.253,0.43,0.221,0.057
Kenya,2021,121,4.607,4.747,4.466,0.603,0.508,0.385,0.483,0.375,0.073
Tunisia,2021,122,4.596,4.709,4.484,0.919,0.515,0.59,0.334,0.057,0.044
Lebanon,2021,123,4.584,4.691,4.477,1.045,0.868,0.595,0.175,0.14,0.026
Namibia,2021,124,4.574,4.7,4.448,0.882,0.801,0.262,0.411,0.091,0.059
Palestinian Territories,2021,125,4.517,4.649,4.384,0.646,0.819,0.434,0.33,0.082,0.075
Myanmar,2021,126,4.426,4.527,4.324,0.666,0.713,0.341,0.601,0.52,0.178
Jordan,2021,127,4.395,4.516,4.273,0.89,0.685,0.583,0.455,0.079,0.15
Chad,2021,128,4.355,4.54,4.171,0.255,0.353,0,0.24,0.215,0.084
Sri Lanka,2021,129,4.325,4.454,4.196,0.99,0.82,0.593,0.559,0.239,0.049
Swaziland,2021,130,4.308,4.448,4.168,0.849,0.693,0.074,0.323,0.067,0.147
Comoros,2021,131,4.289,4.454,4.123,0.488,0.367,0.279,0.202,0.241,0.101
Egypt,2021,132,4.283,4.371,4.195,0.954,0.647,0.426,0.446,0.069,0.092
Ethiopia,2021,133,4.275,4.374,4.175,0.37,0.679,0.331,0.451,0.241,0.114
Mauritania,2021,134,4.227,4.365,4.09,0.666,0.749,0.273,0.218,0.119,0.133
Madagascar,2021,135,4.208,4.349,4.068,0.266,0.503,0.341,0.207,0.185,0.087
Togo,2021,136,4.107,4.258,3.956,0.254,0.239,0.203,0.289,0.209,0.107
Zambia,2021,137,4.073,4.209,3.938,0.528,0.552,0.231,0.487,0.227,0.074
Sierra Leone,2021,138,3.849,4.001,3.698,0.279,0.377,0.1,0.408,0.243,0.047
India,2021,139,3.819,3.869,3.769,0.741,0.316,0.383,0.622,0.246,0.106
Burundi,2021,140,3.775,3.985,3.565,0,0.062,0.155,0.298,0.172,0.212
Yemen,2021,141,3.658,3.794,3.521,0.329,0.831,0.272,0.268,0.092,0.089
Tanzania,2021,142,3.623,3.762,3.485,0.433,0.54,0.3,0.549,0.307,0.231
Haiti,2021,143,3.615,3.953,3.276,0.294,0.173,0.227,0.257,0.463,0.139
Malawi,2021,144,3.6,3.781,3.419,0.113,0.168,0.298,0.484,0.213,0.134
Lesotho,2021,145,3.512,3.748,3.276,0.451,0.731,0.007,0.405,0.103,0.015
Botswana,2021,146,3.467,3.611,3.322,1.099,0.724,0.34,0.539,0.027,0.088
Rwanda,2021,147,3.415,3.548,3.282,0.364,0.202,0.407,0.627,0.227,0.493
Zimbabwe,2021,148,3.145,3.259,3.03,0.457,0.649,0.243,0.359,0.157,0.075
Afghanistan,2021,149,2.523,2.596,2.449,0.37,0,0.126,0,0.122,0.01
Finland,2022,1,7.821,7.886,7.756,1.892,1.258,0.775,0.736,0.109,0.534
Denmark,2022,2,7.636,7.71,7.563,1.953,1.243,0.777,0.719,0.188,0.532
Iceland,2022,3,7.557,7.651,7.464,1.936,1.32,0.803,0.718,0.27,0.191
Switzerland,2022,4,7.512,7.586,7.437,2.026,1.226,0.822,0.677,0.147,0.461
Netherlands,2022,5,7.415,7.471,7.359,1.945,1.206,0.787,0.651,0.271,0.419
Luxembourg*,2022,6,7.404,7.501,7.307,2.209,1.155,0.79,0.7,0.12,0.388
Sweden,2022,7,7.384,7.454,7.315,1.92,1.204,0.803,0.724,0.218,0.512
Norway,2022,8,7.365,7.44,7.29,1.997,1.239,0.786,0.728,0.217,0.474
Israel,2022,9,7.364,7.426,7.301,1.826,1.221,0.818,0.568,0.155,0.143
New Zealand,2022,10,7.2,7.279,7.12,1.852,1.235,0.752,0.68,0.245,0.483
Austria,2022,11,7.163,7.237,7.089,1.931,1.165,0.774,0.623,0.193,0.329
Australia,2022,12,7.162,7.244,7.081,1.9,1.203,0.772,0.676,0.258,0.341
Ireland,2022,13,7.041,7.121,6.961,2.129,1.166,0.779,0.627,0.19,0.408
Germany,2022,14,7.034,7.122,6.947,1.924,1.088,0.776,0.585,0.163,0.358
Canada,2022,15,7.025,7.107,6.943,1.886,1.188,0.783,0.659,0.217,0.368
United States,2022,16,6.977,7.065,6.888,1.982,1.182,0.628,0.574,0.22,0.177
United Kingdom,2022,17,6.943,7.018,6.867,1.867,1.143,0.75,0.597,0.289,0.329
Czechia,2022,18,6.92,7.029,6.811,1.815,1.26,0.715,0.66,0.158,0.048
Belgium,2022,19,6.805,6.89,6.72,1.907,1.106,0.764,0.492,0.049,0.204
France,2022,20,6.687,6.758,6.615,1.863,1.219,0.808,0.567,0.07,0.266
Bahrain,2022,21,6.647,6.779,6.514,1.854,1.029,0.625,0.693,0.199,0.155
Slovenia,2022,22,6.63,6.718,6.542,1.81,1.249,0.769,0.685,0.118,0.115
Costa Rica,2022,23,6.582,6.683,6.481,1.584,1.054,0.744,0.661,0.089,0.102
United Arab Emirates,2022,24,6.576,6.66,6.492,1.998,0.98,0.633,0.702,0.204,0.25
Saudi Arabia,2022,25,6.523,6.637,6.409,1.87,1.092,0.577,0.651,0.078,0.18
Taiwan Province of China,2022,26,6.512,6.596,6.429,1.897,1.095,0.733,0.542,0.075,0.168
Singapore,2022,27,6.48,6.569,6.392,2.149,1.127,0.851,0.672,0.163,0.587
Romania,2022,28,6.477,6.575,6.379,1.719,1.006,0.655,0.605,0.039,0.006
Spain,2022,29,6.476,6.56,6.392,1.808,1.211,0.808,0.505,0.101,0.149
Uruguay,2022,30,6.474,6.562,6.386,1.615,1.18,0.672,0.665,0.103,0.265
Italy,2022,31,6.467,6.57,6.363,1.834,1.052,0.801,0.412,0.085,0.059
Kosovo,2022,32,6.455,6.571,6.339,1.362,0.949,0.569,0.599,0.309,0.035
Malta,2022,33,6.447,6.535,6.359,1.838,1.169,0.789,0.679,0.174,0.166
Lithuania,2022,34,6.446,6.535,6.356,1.804,1.204,0.659,0.496,0.053,0.077
Slovakia,2022,35,6.391,6.475,6.306,1.736,1.232,0.707,0.479,0.118,0.025
Estonia,2022,36,6.341,6.415,6.266,1.793,1.232,0.728,0.689,0.123,0.333
Panama,2022,37,6.309,6.464,6.154,1.715,1.107,0.709,0.592,0.049,0.051
Brazil,2022,38,6.293,6.384,6.202,1.462,1.044,0.615,0.546,0.131,0.134
Guatemala*,2022,39,6.262,6.46,6.064,1.274,0.831,0.522,0.662,0.112,0.115
Kazakhstan,2022,40,6.234,6.33,6.138,1.668,1.22,0.611,0.584,0.134,0.157
Cyprus,2022,41,6.221,6.32,6.122,1.815,0.909,0.819,0.448,0.123,0.062
Latvia,2022,42,6.18,6.255,6.106,1.732,1.221,0.637,0.502,0.075,0.09
Serbia,2022,43,6.178,6.294,6.062,1.55,1.086,0.658,0.546,0.219,0.088
Chile,2022,44,6.172,6.262,6.082,1.651,1.08,0.748,0.46,0.124,0.069
Nicaragua,2022,45,6.165,6.312,6.017,1.105,1.029,0.617,0.617,0.168,0.212
Mexico,2022,46,6.128,6.238,6.017,1.552,0.886,0.623,0.621,0.092,0.115
Croatia,2022,47,6.125,6.229,6.022,1.705,1.183,0.709,0.535,0.109,0
Poland,2022,48,6.123,6.205,6.04,1.758,1.174,0.712,0.523,0.124,0.14
El Salvador,2022,49,6.12,6.25,5.99,1.265,0.768,0.607,0.666,0.089,0.212
Kuwait*,2022,50,6.106,6.235,5.977,1.904,0.983,0.747,0.617,0.087,0.147
Hungary,2022,51,6.086,6.187,5.985,1.748,1.233,0.668,0.485,0.078,0.064
Mauritius,2022,52,6.071,6.184,5.958,1.591,1.116,0.568,0.589,0.131,0.107
Uzbekistan,2022,53,6.063,6.178,5.948,1.219,1.092,0.6,0.716,0.283,0.24
Japan,2022,54,6.039,6.119,5.959,1.835,1.089,0.866,0.537,0.007,0.218
Honduras,2022,55,6.022,6.189,5.855,1.111,0.885,0.555,0.582,0.202,0.076
Portugal,2022,56,6.016,6.122,5.911,1.76,1.078,0.777,0.655,0.016,0.039
Argentina,2022,57,5.967,6.09,5.844,1.592,1.102,0.662,0.555,0.081,0.085
Greece,2022,58,5.948,6.043,5.853,1.703,0.98,0.774,0.249,0.015,0.108
South Korea,2022,59,5.935,6.021,5.849,1.851,0.886,0.841,0.414,0.111,0.176
Philippines,2022,60,5.904,6.007,5.8,1.268,0.912,0.514,0.678,0.107,0.142
Thailand,2022,61,5.891,5.994,5.788,1.535,1.096,0.697,0.617,0.321,0.026
Moldova,2022,62,5.857,5.948,5.766,1.417,1.008,0.597,0.561,0.102,0.028
Jamaica,2022,63,5.85,6.023,5.676,1.296,1.045,0.646,0.567,0.08,0.053
Kyrgyzstan,2022,64,5.828,5.916,5.741,1.069,1.109,0.638,0.693,0.208,0.025
Belarus*,2022,65,5.821,5.95,5.693,1.562,1.157,0.629,0.342,0.04,0.282
Colombia,2022,66,5.781,5.903,5.659,1.452,0.929,0.72,0.545,0.087,0.077
Bosnia and Herzegovina,2022,67,5.768,5.877,5.659,1.468,1.068,0.665,0.448,0.244,0.006
Mongolia,2022,68,5.761,5.845,5.676,1.393,1.197,0.467,0.398,0.247,0.059
Dominican Republic,2022,69,5.737,5.873,5.601,1.538,1.003,0.577,0.606,0.084,0.179
Malaysia,2022,70,5.711,5.845,5.578,1.689,0.938,0.62,0.654,0.213,0.126
Bolivia,2022,71,5.6,5.709,5.491,1.256,0.88,0.555,0.627,0.112,0.064
China,2022,72,5.585,5.65,5.52,1.508,0.958,0.705,0.656,0.099,0.142
Paraguay,2022,73,5.578,5.689,5.467,1.409,1.13,0.624,0.629,0.171,0.059
Peru,2022,74,5.559,5.679,5.439,1.397,0.865,0.735,0.545,0.09,0.037
Montenegro,2022,75,5.547,5.681,5.413,1.573,1.023,0.659,0.46,0.135,0.077
Ecuador,2022,76,5.533,5.653,5.414,1.352,0.879,0.708,0.565,0.08,0.083
Vietnam,2022,77,5.485,5.57,5.4,1.252,0.932,0.611,0.707,0.143,0.105
Turkmenistan*,2022,78,5.474,5.578,5.371,1.484,1.319,0.516,0.649,0.314,0.032
North Cyprus*,2022,79,5.467,5.609,5.325,1.815,0.888,0.819,0.523,0.13,0.213
Russia,2022,80,5.459,5.525,5.392,1.685,1.095,0.586,0.401,0.117,0.08
Hong Kong S.A.R. of China,2022,81,5.425,5.501,5.348,1.957,0.954,0.942,0.4,0.147,0.383
Armenia,2022,82,5.399,5.519,5.278,1.434,0.82,0.668,0.558,0.054,0.21
Tajikistan,2022,83,5.377,5.468,5.287,0.966,1.005,0.518,0.572,0.118,0.304
Nepal,2022,84,5.377,5.502,5.251,0.984,0.784,0.499,0.519,0.237,0.13
Bulgaria,2022,85,5.371,5.485,5.257,1.625,1.163,0.64,0.563,0.123,0.021
Libya*,2022,86,5.33,5.543,5.118,1.476,0.943,0.606,0.477,0.106,0.179
Indonesia,2022,87,5.24,5.341,5.139,1.382,0.883,0.539,0.62,0.468,0.047
Ivory Coast,2022,88,5.235,5.384,5.085,1.094,0.442,0.322,0.451,0.149,0.124
North Macedonia,2022,89,5.199,5.303,5.095,1.505,0.863,0.637,0.488,0.215,0.031
Albania,2022,90,5.199,5.321,5.076,1.439,0.646,0.719,0.511,0.138,0.028
South Africa,2022,91,5.194,5.315,5.073,1.425,1.088,0.361,0.442,0.089,0.046
Azerbaijan*,2022,92,5.173,5.265,5.082,1.458,1.093,0.56,0.601,0.023,0.341
Gambia*,2022,93,5.164,5.409,4.918,0.785,0.621,0.369,0.367,0.388,0.103
Bangladesh,2022,94,5.155,5.262,5.049,1.06,0.614,0.581,0.622,0.125,0.187
Laos,2022,95,5.14,5.263,5.018,1.239,0.654,0.479,0.679,0.197,0.184
Algeria,2022,96,5.122,5.215,5.03,1.363,0.97,0.643,0.146,0.106,0.15
Liberia*,2022,97,5.122,5.428,4.815,0.636,0.67,0.309,0.405,0.178,0.08
Ukraine,2022,98,5.084,5.19,4.978,1.411,1.081,0.583,0.473,0.188,0.017
Congo,2022,99,5.075,5.235,4.915,0.95,0.405,0.355,0.431,0.13,0.146
Morocco,2022,100,5.06,5.181,4.938,1.208,0.268,0.565,0.492,0.02,0.102
Mozambique,2022,101,5.048,5.273,4.823,0.578,0.66,0.191,0.593,0.185,0.2
Cameroon,2022,102,5.048,5.188,4.907,0.968,0.672,0.317,0.397,0.152,0.074
Senegal,2022,103,5.046,5.171,4.921,0.933,0.53,0.447,0.494,0.143,0.081
Niger*,2022,104,5.003,5.247,4.76,0.57,0.56,0.326,0.571,0.165,0.145
Georgia,2022,105,4.973,5.079,4.867,1.467,0.612,0.595,0.508,0,0.208
Gabon,2022,106,4.958,5.091,4.826,1.459,0.738,0.396,0.343,0.032,0.099
Iraq,2022,107,4.941,5.099,4.783,1.289,0.682,0.554,0.328,0.147,0.046
Venezuela,2022,108,4.925,5.051,4.8,0,0.968,0.578,0.283,0.225,0.082
Guinea,2022,109,4.891,5.028,4.753,0.848,0.566,0.275,0.334,0.214,0.116
Iran,2022,110,4.888,4.995,4.78,1.41,0.741,0.642,0.281,0.241,0.146
Ghana,2022,111,4.872,4.999,4.745,1.112,0.595,0.409,0.5,0.23,0.056
Turkey,2022,112,4.744,4.845,4.644,1.707,0.865,0.702,0.209,0.087,0.115
Burkina Faso,2022,113,4.67,4.814,4.527,0.779,0.565,0.32,0.382,0.186,0.126
Cambodia,2022,114,4.64,4.765,4.516,1.019,0.732,0.505,0.74,0.166,0.068
Benin,2022,115,4.623,4.754,4.492,0.932,0.064,0.335,0.479,0.127,0.23
Comoros*,2022,116,4.609,4.849,4.368,0.899,0.476,0.424,0.185,0.195,0.125
Uganda,2022,117,4.603,4.747,4.459,0.777,0.875,0.418,0.402,0.222,0.066
Nigeria,2022,118,4.552,4.651,4.453,1.079,0.732,0.3,0.444,0.175,0.038
Kenya,2022,119,4.543,4.683,4.403,1.032,0.605,0.401,0.44,0.322,0.082
Tunisia,2022,120,4.516,4.629,4.403,1.35,0.596,0.656,0.316,0.029,0.029
Pakistan,2022,121,4.516,4.634,4.397,1.049,0.413,0.374,0.448,0.181,0.112
Palestinian Territories*,2022,122,4.483,4.665,4.3,1.148,0.957,0.521,0.336,0.073,0.079
Mali,2022,123,4.479,4.611,4.347,0.792,0.483,0.311,0.35,0.128,0.042
Namibia,2022,124,4.459,4.593,4.326,1.292,0.877,0.354,0.384,0.067,0.071
"Eswatini, Kingdom of*",2022,125,4.396,4.607,4.185,1.274,0.786,0.197,0.259,0.038,0.154
Myanmar,2022,126,4.394,4.511,4.277,1.038,0.829,0.491,0.513,0.452,0.194
Sri Lanka,2022,127,4.362,4.487,4.237,1.415,0.934,0.66,0.529,0.15,0.079
Madagascar*,2022,128,4.339,4.53,4.148,0.67,0.645,0.378,0.202,0.143,0.154
Egypt,2022,129,4.288,4.377,4.198,1.388,0.732,0.548,0.469,0.041,0.254
Chad*,2022,130,4.251,4.503,3.999,0.662,0.506,0.225,0.18,0.182,0.077
Ethiopia,2022,131,4.241,4.365,4.118,0.788,0.809,0.457,0.472,0.205,0.136
Yemen*,2022,132,4.197,4.384,4.01,0.691,1.043,0.384,0.33,0.09,0.098
Mauritania*,2022,133,4.153,4.356,3.95,1.1,0.865,0.45,0.304,0.088,0.138
Jordan,2022,134,4.152,4.276,4.029,1.324,0.724,0.675,0.476,0.058,0.2
Togo,2022,135,4.112,4.272,3.953,0.771,0.322,0.36,0.292,0.174,0.132
India,2022,136,3.777,3.828,3.726,1.167,0.376,0.471,0.647,0.198,0.123
Zambia,2022,137,3.76,3.902,3.618,0.93,0.577,0.306,0.525,0.203,0.083
Malawi,2022,138,3.75,3.941,3.56,0.648,0.279,0.388,0.477,0.14,0.157
Tanzania,2022,139,3.702,3.847,3.558,0.848,0.597,0.425,0.578,0.248,0.27
Sierra Leone,2022,140,3.574,3.732,3.416,0.686,0.416,0.273,0.387,0.202,0.055
Lesotho*,2022,141,3.512,3.748,3.276,0.839,0.848,0,0.419,0.076,0.018
Botswana*,2022,142,3.471,3.667,3.275,1.503,0.815,0.28,0.571,0.012,0.102
Rwanda*,2022,143,3.268,3.462,3.074,0.785,0.133,0.462,0.621,0.187,0.544
Zimbabwe,2022,144,2.995,3.11,2.88,0.947,0.69,0.27,0.329,0.106,0.105
Lebanon,2022,145,2.955,3.049,2.862,1.392,0.498,0.631,0.103,0.082,0.034
Afghanistan,2022,146,2.404,2.469,2.339,0.758,0,0.289,0,0.089,0.005
Finland,2023,1,7.804,7.875,7.733,1.888,1.585,0.535,0.772,0.126,0.535
Denmark,2023,2,7.586,7.667,7.506,1.949,1.548,0.537,0.734,0.208,0.525
Iceland,2023,3,7.53,7.625,7.434,1.926,1.62,0.559,0.738,0.25,0.187
Israel,2023,4,7.473,7.535,7.411,1.833,1.521,0.577,0.569,0.124,0.158
Netherlands,2023,5,7.403,7.46,7.346,1.942,1.488,0.545,0.672,0.251,0.394
Sweden,2023,6,7.395,7.468,7.322,1.921,1.51,0.562,0.754,0.225,0.52
Norway,2023,7,7.315,7.402,7.229,1.994,1.521,0.544,0.752,0.212,0.463
Switzerland,2023,8,7.24,7.324,7.156,2.022,1.463,0.582,0.678,0.151,0.475
Luxembourg,2023,9,7.228,7.363,7.093,2.2,1.357,0.549,0.71,0.149,0.418
New Zealand,2023,10,7.123,7.198,7.048,1.842,1.544,0.513,0.672,0.23,0.471
Austria,2023,11,7.097,7.176,7.018,1.927,1.382,0.535,0.63,0.191,0.31
Australia,2023,12,7.095,7.18,7.009,1.899,1.497,0.532,0.677,0.242,0.31
Canada,2023,13,6.961,7.042,6.879,1.881,1.484,0.541,0.656,0.218,0.364
Ireland,2023,14,6.911,6.996,6.825,2.152,1.425,0.539,0.656,0.186,0.409
United States,2023,15,6.894,6.986,6.802,1.98,1.46,0.39,0.557,0.21,0.172
Germany,2023,16,6.892,6.989,6.795,1.919,1.401,0.539,0.618,0.153,0.365
Belgium,2023,17,6.859,6.926,6.793,1.907,1.449,0.528,0.59,0.137,0.273
Czechia,2023,18,6.845,6.931,6.759,1.823,1.544,0.477,0.693,0.158,0.05
United Kingdom,2023,19,6.796,6.877,6.714,1.857,1.366,0.511,0.626,0.272,0.34
Lithuania,2023,20,6.763,6.849,6.677,1.808,1.511,0.432,0.487,0.059,0.089
France,2023,21,6.661,6.735,6.588,1.856,1.433,0.566,0.582,0.083,0.27
Slovenia,2023,22,6.65,6.75,6.55,1.815,1.539,0.532,0.707,0.144,0.113
Costa Rica,2023,23,6.609,6.71,6.507,1.587,1.34,0.503,0.683,0.099,0.116
Romania,2023,24,6.589,6.69,6.488,1.726,1.28,0.423,0.631,0.044,0
Singapore,2023,25,6.587,6.72,6.454,2.168,1.354,0.607,0.66,0.17,0.561
United Arab Emirates,2023,26,6.571,6.656,6.486,2.015,1.223,0.401,0.745,0.188,0.247
Taiwan Province of China,2023,27,6.535,6.627,6.444,1.89,1.372,0.492,0.562,0.067,0.178
Uruguay,2023,28,6.494,6.583,6.404,1.617,1.445,0.435,0.683,0.102,0.254
Slovakia,2023,29,6.469,6.578,6.36,1.731,1.544,0.472,0.494,0.128,0.022
Saudi Arabia,2023,30,6.463,6.581,6.344,1.861,1.37,0.351,0.682,0.093,0.17
Estonia,2023,31,6.455,6.534,6.377,1.798,1.526,0.494,0.728,0.153,0.372
Spain,2023,32,6.436,6.519,6.354,1.798,1.491,0.567,0.533,0.101,0.157
Italy,2023,33,6.405,6.511,6.298,1.832,1.365,0.559,0.438,0.097,0.063
Kosovo,2023,34,6.368,6.485,6.25,1.374,1.269,0.372,0.639,0.275,0.045
Chile,2023,35,6.334,6.424,6.243,1.645,1.384,0.511,0.546,0.131,0.076
Mexico,2023,36,6.33,6.441,6.218,1.55,1.169,0.389,0.632,0.086,0.115
Malta,2023,37,6.3,6.388,6.212,1.841,1.468,0.547,0.671,0.2,0.143
Panama,2023,38,6.265,6.424,6.105,1.714,1.402,0.475,0.63,0.065,0.036
Poland,2023,39,6.26,6.343,6.177,1.767,1.474,0.477,0.511,0.12,0.139
Nicaragua,2023,40,6.259,6.408,6.109,1.109,1.292,0.385,0.66,0.148,0.218
Latvia,2023,41,6.213,6.295,6.131,1.737,1.505,0.405,0.58,0.107,0.071
Bahrain,2023,42,6.173,6.369,5.977,1.883,1.269,0.389,0.748,0.199,0.138
Guatemala,2023,43,6.15,6.362,5.939,1.287,1.188,0.31,0.631,0.106,0.066
Kazakhstan,2023,44,6.144,6.239,6.049,1.664,1.491,0.389,0.628,0.136,0.149
Serbia,2023,45,6.144,6.299,5.988,1.552,1.343,0.424,0.617,0.246,0.081
Cyprus,2023,46,6.13,6.236,6.024,1.824,1.224,0.58,0.455,0.104,0.05
Japan,2023,47,6.129,6.211,6.047,1.825,1.396,0.622,0.556,0.009,0.207
Croatia,2023,48,6.125,6.237,6.013,1.727,1.455,0.475,0.5,0.087,0.003
Brazil,2023,49,6.125,6.252,5.997,1.454,1.25,0.387,0.558,0.131,0.137
El Salvador,2023,50,6.122,6.257,5.986,1.278,1.044,0.383,0.713,0.079,0.222
Hungary,2023,51,6.041,6.149,5.933,1.754,1.519,0.435,0.501,0.105,0.065
Argentina,2023,52,6.024,6.147,5.9,1.59,1.388,0.427,0.587,0.088,0.082
Honduras,2023,53,6.023,6.196,5.849,1.115,1.072,0.341,0.613,0.189,0.062
Uzbekistan,2023,54,6.014,6.13,5.899,1.227,1.347,0.375,0.74,0.26,0.208
Malaysia,2023,55,6.012,6.167,5.858,1.665,1.155,0.385,0.659,0.222,0.122
Portugal,2023,56,5.968,6.076,5.86,1.758,1.356,0.537,0.693,0.031,0.037
South Korea,2023,57,5.951,6.04,5.862,1.853,1.188,0.603,0.446,0.112,0.163
Greece,2023,58,5.931,6.024,5.838,1.708,1.247,0.535,0.248,0.008,0.097
Mauritius,2023,59,5.902,6.013,5.791,1.589,1.382,0.336,0.574,0.121,0.11
Thailand,2023,60,5.843,5.969,5.717,1.515,1.344,0.461,0.624,0.291,0.013
Mongolia,2023,61,5.84,5.93,5.75,1.379,1.494,0.244,0.425,0.239,0.058
Kyrgyzstan,2023,62,5.825,5.913,5.737,1.061,1.439,0.417,0.735,0.234,0.018
Moldova,2023,63,5.819,5.922,5.717,1.425,1.302,0.375,0.61,0.093,0.02
China,2023,64,5.818,5.905,5.731,1.51,1.249,0.468,0.666,0.115,0.145
Vietnam,2023,65,5.763,5.865,5.662,1.349,1.212,0.381,0.741,0.134,0.122
Paraguay,2023,66,5.738,5.851,5.625,1.428,1.427,0.392,0.678,0.148,0.062
Montenegro,2023,67,5.722,5.941,5.503,1.537,1.385,0.424,0.563,0.17,0.061
Jamaica,2023,68,5.703,5.876,5.529,1.305,1.329,0.411,0.587,0.079,0.039
Bolivia,2023,69,5.684,5.797,5.572,1.24,1.187,0.329,0.648,0.103,0.06
Russia,2023,70,5.661,5.734,5.588,1.68,1.383,0.366,0.449,0.12,0.091
Bosnia and Herzegovina,2023,71,5.633,5.775,5.49,1.467,1.361,0.429,0.485,0.247,0.008
Colombia,2023,72,5.63,5.747,5.514,1.455,1.213,0.486,0.562,0.08,0.068
Dominican Republic,2023,73,5.569,5.712,5.426,1.536,1.227,0.351,0.623,0.083,0.195
Ecuador,2023,74,5.559,5.682,5.436,1.343,1.173,0.476,0.56,0.079,0.069
Peru,2023,75,5.526,5.64,5.412,1.39,1.153,0.499,0.549,0.073,0.027
Philippines,2023,76,5.523,5.675,5.371,1.238,1.108,0.286,0.714,0.104,0.141
Bulgaria,2023,77,5.466,5.582,5.35,1.635,1.457,0.408,0.557,0.106,0.013
Nepal,2023,78,5.36,5.507,5.214,0.979,1.027,0.281,0.567,0.215,0.104
Armenia,2023,79,5.342,5.47,5.213,1.466,1.134,0.443,0.551,0.053,0.16
Tajikistan,2023,80,5.33,5.452,5.207,0.972,1.248,0.291,0.599,0.104,0.292
Algeria,2023,81,5.329,5.451,5.207,1.353,1.298,0.409,0.252,0.073,0.152
Hong Kong S.A.R. of China,2023,82,5.308,5.403,5.214,1.951,1.201,0.702,0.407,0.123,0.39
Albania,2023,83,5.277,5.406,5.148,1.449,0.951,0.48,0.549,0.133,0.037
Indonesia,2023,84,5.277,5.392,5.161,1.384,1.169,0.314,0.663,0.422,0.038
South Africa,2023,85,5.275,5.417,5.132,1.417,1.428,0.149,0.464,0.09,0.019
Congo (Brazzaville),2023,86,5.267,5.44,5.094,0.921,0.665,0.145,0.464,0.134,0.136
North Macedonia,2023,87,5.254,5.361,5.146,1.498,1.171,0.408,0.515,0.207,0.02
Venezuela,2023,88,5.211,5.336,5.085,0,1.257,0.341,0.369,0.205,0.084
Laos,2023,89,5.111,5.269,4.952,1.232,0.853,0.257,0.715,0.185,0.162
Georgia,2023,90,5.109,5.219,5,1.477,0.947,0.366,0.539,0,0.201
Guinea,2023,91,5.072,5.213,4.931,0.844,0.776,0.072,0.369,0.204,0.102
Ukraine,2023,92,5.071,5.187,4.956,1.358,1.354,0.355,0.551,0.265,0.016
Ivory Coast,2023,93,5.053,5.198,4.907,1.094,0.584,0.12,0.467,0.138,0.131
Gabon,2023,94,5.035,5.175,4.894,1.438,1.021,0.183,0.346,0.036,0.102
Nigeria,2023,95,4.981,5.136,4.825,1.065,1.007,0.092,0.448,0.176,0.013
Cameroon,2023,96,4.973,5.112,4.834,0.965,0.871,0.118,0.405,0.144,0.059
Mozambique,2023,97,4.954,5.181,4.727,0.57,0.885,0,0.625,0.161,0.192
Iraq,2023,98,4.941,5.099,4.783,1.281,0.953,0.324,0.351,0.134,0.038
State of Palestine,2023,99,4.908,5.089,4.727,1.144,1.309,,0.416,0.065,0.067
Morocco,2023,100,4.903,5.023,4.783,1.236,0.535,0.337,0.54,0.013,0.085
Iran,2023,101,4.876,4.98,4.772,1.465,1.102,0.411,0.281,0.229,0.13
Senegal,2023,102,4.855,4.983,4.727,0.943,0.727,0.231,0.519,0.142,0.06
Mauritania,2023,103,4.724,5.011,4.437,1.099,0.764,0.244,0.32,0.13,0.195
Burkina Faso,2023,104,4.638,4.819,4.456,0.768,0.814,0.107,0.419,0.188,0.113
Namibia,2023,105,4.631,4.766,4.496,1.289,1.126,0.145,0.383,0.069,0.071
Turkiye,2023,106,4.614,4.777,4.45,1.714,1.148,0.467,0.125,0.095,0.096
Ghana,2023,107,4.605,4.729,4.481,1.101,0.756,0.197,0.526,0.211,0.035
Pakistan,2023,108,4.555,4.707,4.404,1.081,0.657,0.158,0.511,0.141,0.102
Niger,2023,109,4.501,4.712,4.291,0.561,0.628,0.137,0.54,0.154,0.14
Tunisia,2023,110,4.497,4.601,4.393,1.333,0.981,0.422,0.259,0.022,0.016
Kenya,2023,111,4.487,4.616,4.357,1.051,0.881,0.19,0.418,0.291,0.055
Sri Lanka,2023,112,4.442,4.603,4.28,1.422,1.224,0.426,0.539,0.12,0.086
Uganda,2023,113,4.432,4.607,4.258,0.785,1.144,0.201,0.425,0.197,0.051
Chad,2023,114,4.397,4.633,4.16,0.622,0.962,0.043,0.393,0.255,0.088
Cambodia,2023,115,4.393,4.508,4.279,1.025,1.024,0.283,0.768,0.176,0.051
Benin,2023,116,4.374,4.504,4.244,0.924,0.242,0.124,0.481,0.114,0.253
Myanmar,2023,117,4.372,4.533,4.212,1.032,1.125,0.269,0.46,0.4,0.194
Bangladesh,2023,118,4.282,4.416,4.148,1.133,0.513,0.355,0.617,0.139,0.165
Gambia,2023,119,4.279,4.484,4.075,0.761,0.614,0.174,0.286,0.332,0.033
Mali,2023,120,4.198,4.319,4.076,0.763,0.637,0.106,0.441,0.121,0.059
Egypt,2023,121,4.17,4.287,4.054,1.377,0.972,0.326,0.467,0.038,0.25
Togo,2023,122,4.137,4.289,3.986,0.77,0.642,0.161,0.367,0.149,0.136
Jordan,2023,123,4.12,4.242,3.997,1.292,0.98,0.438,0.517,0.056,0.173
Ethiopia,2023,124,4.091,4.273,3.908,0.793,1.114,0.25,0.451,0.283,0.101
Liberia,2023,125,4.042,4.325,3.76,0.628,0.644,0.141,0.471,0.219,0.071
India,2023,126,4.036,4.092,3.98,1.159,0.674,0.252,0.685,0.175,0.111
Madagascar,2023,127,4.019,4.199,3.839,0.632,0.779,0.178,0.187,0.177,0.134
Zambia,2023,128,3.982,4.167,3.797,0.914,0.89,0.095,0.545,0.189,0.08
Tanzania,2023,129,3.694,3.84,3.547,0.836,0.787,0.214,0.607,0.234,0.269
Comoros,2023,130,3.545,3.774,3.317,0.914,0.327,0.215,0.117,0.129,0.145
Malawi,2023,131,3.495,3.671,3.32,0.637,0.479,0.189,0.49,0.139,0.129
Botswana,2023,132,3.435,3.702,3.168,1.471,1.041,0.087,0.48,0.021,0.071
Congo (Kinshasa),2023,133,3.207,3.394,3.02,0.531,0.784,0.105,0.375,0.183,0.068
Zimbabwe,2023,134,3.204,3.323,3.084,0.758,0.881,0.069,0.363,0.112,0.117
Sierra Leone,2023,135,3.138,3.299,2.976,0.67,0.54,0.092,0.371,0.193,0.051
Lebanon,2023,136,2.392,2.479,2.305,1.417,0.476,0.398,0.123,0.061,0.027
Afghanistan,2023,137,1.859,1.923,1.795,0.645,0,0.087,0,0.093,0.059
Finland,2024,1,7.741,7.815,7.667,1.844,1.572,0.695,0.859,0.142,0.546
Denmark,2024,2,7.583,7.665,7.5,1.908,1.52,0.699,0.823,0.204,0.548
Iceland,2024,3,7.525,7.618,7.433,1.881,1.617,0.718,0.819,0.258,0.182
Sweden,2024,4,7.344,7.422,7.267,1.878,1.501,0.724,0.838,0.221,0.524
Israel,2024,5,7.341,7.405,7.277,1.803,1.513,0.74,0.641,0.153,0.193
Netherlands,2024,6,7.319,7.383,7.256,1.901,1.462,0.706,0.725,0.247,0.372
Norway,2024,7,7.302,7.389,7.215,1.952,1.517,0.704,0.835,0.224,0.484
Luxembourg,2024,8,7.122,7.213,7.031,2.141,1.355,0.708,0.801,0.146,0.432
Switzerland,2024,9,7.06,7.147,6.973,1.97,1.425,0.747,0.759,0.173,0.498
Australia,2024,10,7.057,7.141,6.973,1.854,1.461,0.692,0.756,0.225,0.323
New Zealand,2024,11,7.029,7.105,6.954,1.81,1.527,0.673,0.746,0.226,0.48
Costa Rica,2024,12,6.955,7.051,6.86,1.561,1.373,0.661,0.797,0.109,0.123
Kuwait,2024,13,6.951,7.06,6.843,1.845,1.364,0.661,0.827,0.2,0.172
Austria,2024,14,6.905,6.986,6.824,1.885,1.336,0.696,0.703,0.214,0.305
Canada,2024,15,6.9,6.984,6.815,1.84,1.459,0.701,0.73,0.23,0.368
Belgium,2024,16,6.894,6.961,6.827,1.868,1.44,0.69,0.729,0.17,0.311
Ireland,2024,17,6.838,6.927,6.749,2.129,1.39,0.7,0.758,0.205,0.418
Czechia,2024,18,6.822,6.903,6.741,1.783,1.511,0.638,0.787,0.177,0.068
Lithuania,2024,19,6.818,6.896,6.739,1.766,1.454,0.598,0.533,0.044,0.116
United Kingdom,2024,20,6.749,6.833,6.665,1.822,1.326,0.672,0.713,0.267,0.351
Slovenia,2024,21,6.743,6.843,6.643,1.786,1.502,0.695,0.789,0.157,0.131
United Arab Emirates,2024,22,6.733,6.823,6.643,1.983,1.164,0.563,0.815,0.209,0.258
United States,2024,23,6.725,6.818,6.631,1.939,1.392,0.542,0.586,0.223,0.169
Germany,2024,24,6.719,6.815,6.622,1.871,1.39,0.702,0.7,0.174,0.368
Mexico,2024,25,6.678,6.781,6.575,1.521,1.241,0.544,0.722,0.086,0.127
Uruguay,2024,26,6.611,6.696,6.527,1.596,1.431,0.592,0.775,0.106,0.22
France,2024,27,6.609,6.685,6.533,1.818,1.348,0.727,0.65,0.112,0.281
Saudi Arabia,2024,28,6.594,6.707,6.48,1.842,1.361,0.511,0.787,0.114,0.188
Kosovo,2024,29,6.561,6.667,6.455,1.364,1.277,0.599,0.739,0.254,0.073
Singapore,2024,30,6.523,6.605,6.44,2.118,1.361,0.769,0.743,0.168,0.575
Taiwan Province of China,2024,31,6.503,6.597,6.41,1.842,1.346,0.65,0.649,0.068,0.202
Romania,2024,32,6.491,6.592,6.39,1.699,1.236,0.583,0.717,0.041,0.006
El Salvador,2024,33,6.469,6.599,6.338,1.265,1.08,0.549,0.816,0.083,0.253
Estonia,2024,34,6.448,6.524,6.371,1.752,1.527,0.657,0.805,0.166,0.401
Poland,2024,35,6.442,6.513,6.37,1.738,1.417,0.639,0.6,0.081,0.175
Spain,2024,36,6.421,6.502,6.339,1.766,1.471,0.729,0.619,0.119,0.177
Serbia,2024,37,6.411,6.522,6.3,1.538,1.391,0.585,0.663,0.2,0.101
Chile,2024,38,6.36,6.448,6.273,1.616,1.369,0.673,0.651,0.117,0.075
Panama,2024,39,6.358,6.489,6.227,1.702,1.392,0.633,0.72,0.063,0.043
Malta,2024,40,6.346,6.43,6.261,1.827,1.444,0.707,0.727,0.25,0.125
Italy,2024,41,6.324,6.436,6.211,1.8,1.328,0.72,0.513,0.112,0.074
Guatemala,2024,42,6.287,6.457,6.117,1.26,1.169,0.467,0.735,0.105,0.078
Nicaragua,2024,43,6.284,6.433,6.135,1.097,1.263,0.542,0.793,0.133,0.251
Brazil,2024,44,6.272,6.39,6.154,1.43,1.269,0.548,0.685,0.13,0.142
Slovakia,2024,45,6.257,6.332,6.182,1.706,1.54,0.638,0.566,0.096,0.058
Latvia,2024,46,6.234,6.314,6.155,1.7,1.508,0.564,0.666,0.127,0.078
Uzbekistan,2024,47,6.195,6.303,6.087,1.212,1.394,0.539,0.835,0.251,0.215
Argentina,2024,48,6.188,6.306,6.07,1.562,1.381,0.585,0.681,0.087,0.08
Kazakhstan,2024,49,6.188,6.278,6.097,1.622,1.457,0.556,0.733,0.149,0.12
Cyprus,2024,50,6.068,6.182,5.954,1.794,1.217,0.744,0.529,0.124,0.049
Japan,2024,51,6.06,6.144,5.976,1.786,1.354,0.785,0.632,0.023,0.219
South Korea,2024,52,6.058,6.148,5.968,1.815,1.178,0.77,0.555,0.126,0.158
Philippines,2024,53,6.048,6.166,5.929,1.232,1.146,0.441,0.826,0.099,0.136
Vietnam,2024,54,6.043,6.138,5.948,1.331,1.267,0.539,0.843,0.094,0.16
Portugal,2024,55,6.03,6.134,5.925,1.728,1.368,0.699,0.757,0.047,0.035
Hungary,2024,56,6.017,6.124,5.91,1.722,1.528,0.596,0.581,0.123,0.067
Paraguay,2024,57,5.977,6.085,5.868,1.398,1.408,0.549,0.788,0.131,0.065
Thailand,2024,58,5.976,6.094,5.858,1.484,1.347,0.62,0.756,0.283,0.024
Malaysia,2024,59,5.975,6.078,5.872,1.646,1.143,0.54,0.829,0.226,0.119
China,2024,60,5.973,6.061,5.885,1.497,1.239,0.629,0.704,0.132,0.164
Honduras,2024,61,5.968,6.114,5.822,1.091,1.035,0.502,0.72,0.175,0.081
Bahrain,2024,62,5.959,6.153,5.766,,,,,,
Croatia,2024,63,5.942,6.047,5.837,1.71,1.445,0.637,0.469,0.064,0.043
Greece,2024,64,5.934,6.027,5.84,1.684,1.276,0.696,0.337,0.018,0.093
Bosnia and Herzegovina,2024,65,5.877,5.979,5.775,1.465,1.318,0.587,0.621,0.246,0
Libya,2024,66,5.866,5.987,5.746,1.526,1.1,0.55,0.592,0.111,0.204
Jamaica,2024,67,5.842,6.059,5.624,1.28,1.324,0.567,0.647,0.089,0.028
Peru,2024,68,5.841,5.946,5.736,1.371,1.18,0.662,0.615,0.078,0.029
Dominican Republic,2024,69,5.823,5.967,5.679,1.517,1.272,0.511,0.73,0.086,0.196
Mauritius,2024,70,5.816,5.927,5.706,1.57,1.358,0.49,0.641,0.123,0.118
Moldova,2024,71,5.816,5.93,5.702,1.385,1.277,0.542,0.695,0.077,0.044
Russia,2024,72,5.785,5.859,5.712,1.642,1.351,0.531,0.551,0.138,0.121
Bolivia,2024,73,5.784,5.895,5.674,1.217,1.179,0.488,0.719,0.1,0.061
Ecuador,2024,74,5.725,5.85,5.599,1.315,1.151,0.64,0.606,0.087,0.078
Kyrgyzstan,2024,75,5.714,5.795,5.632,1.054,1.477,0.588,0.834,0.225,0.03
Montenegro,2024,76,5.707,5.815,5.599,1.571,1.318,0.587,0.632,0.11,0.132
Mongolia,2024,77,5.696,5.783,5.61,1.353,1.511,0.4,0.501,0.237,0.055
Colombia,2024,78,5.695,5.806,5.584,1.437,1.241,0.648,0.644,0.072,0.059
Venezuela,2024,79,5.607,5.725,5.489,0,1.321,0.491,0.518,0.192,0.086
Indonesia,2024,80,5.568,5.67,5.466,1.361,1.184,0.472,0.779,0.399,0.055
Bulgaria,2024,81,5.463,5.569,5.357,1.629,1.469,0.567,0.62,0.083,0.006
Armenia,2024,82,5.455,5.56,5.35,1.444,1.154,0.603,0.65,0.051,0.173
South Africa,2024,83,5.422,5.549,5.295,1.389,1.369,0.322,0.537,0.078,0.034
North Macedonia,2024,84,5.369,5.468,5.27,1.475,1.277,0.569,0.58,0.194,0.015
Algeria,2024,85,5.364,5.476,5.251,1.324,1.191,0.568,0.247,0.091,0.2
Hong Kong S.A.R. of China,2024,86,5.316,5.403,5.229,1.909,1.184,0.857,0.485,0.147,0.402
Albania,2024,87,5.304,5.44,5.168,1.438,0.924,0.638,0.69,0.138,0.049
Tajikistan,2024,88,5.281,5.361,5.201,,,,,,
Congo (Brazzaville),2024,89,5.221,5.396,5.047,0.892,0.622,0.306,0.523,0.124,0.138
Mozambique,2024,90,5.216,5.406,5.027,0.56,0.883,0.156,0.728,0.158,0.196
Georgia,2024,91,5.185,5.283,5.087,1.467,0.99,0.524,0.68,0,0.174
Iraq,2024,92,5.166,5.283,5.049,1.249,0.996,0.498,0.425,0.141,0.048
Nepal,2024,93,5.158,5.29,5.027,0.965,0.99,0.443,0.653,0.209,0.115
Laos,2024,94,5.139,5.261,5.017,1.208,0.846,0.423,0.796,0.17,0.167
Gabon,2024,95,5.106,5.243,4.969,1.403,1.038,0.344,0.516,0.045,0.1
Ivory Coast,2024,96,5.08,5.224,4.936,1.08,0.578,0.288,0.547,0.12,0.164
Guinea,2024,97,5.023,5.166,4.881,0.831,0.622,0.236,0.521,0.21,0.107
Turkiye,2024,98,4.975,5.085,4.866,1.702,1.175,0.631,0.202,0.068,0.115
Senegal,2024,99,4.969,5.096,4.841,0.927,0.751,0.392,0.607,0.152,0.069
Iran,2024,100,4.923,5.024,4.822,1.435,1.136,0.571,0.366,0.235,0.123
Azerbaijan,2024,101,4.893,5.018,4.768,1.433,0.876,0.496,0.668,0.112,0.199
Nigeria,2024,102,4.881,5.018,4.744,1.042,1.075,0.256,0.566,0.201,0.019
State of Palestine,2024,103,4.879,5.006,4.753,,,,,,
Cameroon,2024,104,4.874,4.996,4.753,0.943,0.856,0.288,0.521,0.126,0.06
Ukraine,2024,105,4.873,4.988,4.758,1.35,1.315,0.513,0.631,0.285,0.025
Namibia,2024,106,4.832,4.958,4.705,1.266,1.212,0.307,0.47,0.069,0.061
Morocco,2024,107,4.795,4.912,4.677,1.213,0.471,0.495,0.631,0.042,0.082
Pakistan,2024,108,4.657,4.779,4.535,1.069,0.6,0.321,0.542,0.144,0.074
Niger,2024,109,4.556,4.712,4.401,0.573,0.677,0.293,0.615,0.145,0.147
Burkina Faso,2024,110,4.548,4.686,4.41,0.756,0.685,0.274,0.483,0.173,0.179
Mauritania,2024,111,4.505,4.673,4.337,1.078,0.705,0.4,0.343,0.133,0.198
Gambia,2024,112,4.485,4.625,4.344,0.75,0.684,0.33,0.459,0.324,0.048
Chad,2024,113,4.471,4.63,4.313,0.603,0.805,0.199,0.411,0.218,0.113
Kenya,2024,114,4.47,4.595,4.344,1.037,0.895,0.353,0.519,0.282,0.069
Tunisia,2024,115,4.422,4.505,4.338,1.306,0.955,0.579,0.254,0.024,0.018
Benin,2024,116,4.377,4.51,4.245,0.914,0.128,0.284,0.567,0.112,0.252
Uganda,2024,117,4.372,4.501,4.243,0.772,1.151,0.373,0.587,0.178,0.054
Myanmar,2024,118,4.354,4.501,4.208,0.978,0.988,0.436,0.45,0.401,0.174
Cambodia,2024,119,4.341,4.446,4.236,1.011,1.019,0.442,0.863,0.17,0.071
Ghana,2024,120,4.289,4.396,4.182,1.077,0.747,0.36,0.623,0.183,0.028
Liberia,2024,121,4.269,4.474,4.063,0.619,0.673,0.301,0.546,0.178,0.075
Mali,2024,122,4.232,4.347,4.117,0.747,0.688,0.267,0.586,0.12,0.09
Madagascar,2024,123,4.228,4.359,4.097,0.628,0.823,0.333,0.25,0.172,0.123
Togo,2024,124,4.214,4.33,4.098,0.758,0.586,0.32,0.453,0.127,0.156
Jordan,2024,125,4.186,4.306,4.066,1.262,0.983,0.594,0.593,0.059,0.189
India,2024,126,4.054,4.123,3.985,1.166,0.653,0.417,0.767,0.174,0.122
Egypt,2024,127,3.977,4.066,3.887,1.37,0.996,0.488,0.49,0.025,0.259
Sri Lanka,2024,128,3.898,4.018,3.778,1.361,1.179,0.586,0.583,0.144,0.031
Bangladesh,2024,129,3.886,3.994,3.778,1.122,0.249,0.513,0.775,0.14,0.167
Ethiopia,2024,130,3.861,3.997,3.725,0.792,0.915,0.42,0.441,0.27,0.101
Tanzania,2024,131,3.781,3.917,3.644,0.82,0.706,0.38,0.709,0.191,0.257
Comoros,2024,132,3.566,3.754,3.378,0.896,0.328,0.37,0.172,0.128,0.16
Yemen,2024,133,3.561,3.714,3.408,0.671,1.281,0.293,0.362,0.08,0.113
Zambia,2024,134,3.502,3.636,3.368,0.899,0.809,0.264,0.727,0.168,0.109
Eswatini,2024,135,3.502,3.673,3.331,1.255,0.925,0.176,0.284,0.059,0.116
Malawi,2024,136,3.421,3.561,3.281,0.617,0.41,0.349,0.571,0.135,0.136
Botswana,2024,137,3.383,3.558,3.209,1.445,0.969,0.241,0.567,0.014,0.082
Zimbabwe,2024,138,3.341,3.457,3.226,0.748,0.85,0.232,0.487,0.096,0.131
Congo (Kinshasa),2024,139,3.295,3.462,3.128,0.534,0.665,0.262,0.473,0.189,0.072
Sierra Leone,2024,140,3.245,3.366,3.124,0.654,0.566,0.253,0.469,0.181,0.053
Lesotho,2024,141,3.186,3.469,2.904,0.771,0.851,0,0.523,0.082,0.085
Lebanon,2024,142,2.707,2.797,2.616,1.377,0.577,0.556,0.173,0.068,0.029
Afghanistan,2024,143,1.721,1.775,1.667,0.628,0,0.242,0,0.091,0.088
